{
    "Registros": [
        {
            "Record_id": 1,
            "Product_id": 64,
            "Amount": 1,
            "Movement": "add",
            "Date": "2025-01-29"
        },
        {
            "Record_id": 2,
            "Product_id": 24,
            "Amount": 1,
            "Movement": "removed",
            "Date": "2025-01-29"
        },
        {
            "Record_id": 3,
            "Product_id": 28,
            "Amount": 1,
            "Movement": "removed",
            "Date": "2025-01-29"
        },
        {
            "Record_id": 4,
            "Product_id": 64,
            "Amount": 1,
            "Movement": "removed",
            "Date": "2025-01-29"
        }
    ]
}